"id","mission","vision","created_at","updated_at","title","content","images"
"2","Çiftçilerimize en yenilikçi tarım teknolojilerini ve en kaliteli ürünleri sunarak, onların verimliliğini ve gelirini artırmak. Sürdürülebilir tarım uygulamalarını yaygınlaştırarak hem toprağımızı korumak hem de gelecek nesillere daha verimli araziler bırakmak en temel amacımızdır.","Türkiye'nin fındık ve tarım sektöründe, teknoloji kullanımı, danışmanlık hizmetleri ve ürün kalitesiyle referans gösterilen lider bir marka olmak. Tarımda dijital dönüşüme öncülük ederek, sektörü geleceğe taşımak.","31/10/2025 19:02:49","31/10/2025 20:31:16","","AKAYDIN TARIM, 2023 yılında, ömrünü fındık üretimine adamış olan Aydın Ak tarafından kurulmuştur. Kurucumuz Aydın Ak, yılların getirdiği deneyimi ve geleneksel üretim bilgisini, modern tarım teknolojileriyle birleştirerek sektöre yenilikçi bir soluk kazandırmayı hedeflemiştir.

Kuruluşundan bu yana “Doğadan Aldığımızı, Doğaya Geri Veriyoruz” ilkesiyle hareket eden AKAYDIN TARIM; üretimde kaliteyi, sürdürülebilirliği ve çevre bilincini merkezine almıştır. Her adımda doğaya saygılı, toprağa dost uygulamalarla ilerleyen firmamız, organomineral gübre, fındık bahçesi danışmanlığı ve tarımsal ürün tedariki alanlarında bölgesel kalkınmaya katkı sağlamaktadır.

2024 yılında Ferrero firması tarafından düzenlenen Budama Yarışması’nda “Altın Makas Ödülü” kazanan Aydın Ak, başarısıyla yalnızca üretimde değil, bilgi ve deneyim paylaşımında da öncü olmuştur. AKAYDIN TARIM bugün, fındık üretiminde verimliliği artıran modern teknikleri bölge çiftçilerine tanıtarak, Sakarya ve çevresinde sürdürülebilir tarımın gelişimine öncülük etmektedir.

Toprağın gücüne inanıyoruz. Çünkü biliyoruz ki, sağlıklı toprak güçlü bir geleceğin temelidir.
Bu inançla, her geçen gün daha verimli, daha bilinçli ve daha doğa dostu bir tarım anlayışı için çalışıyoruz.

🌱 AKAYDIN TARIM — Toprağınızın Gücünü Keşfedin. 🌿","[""\/akaydin-tarim\/uploads\/about\/1761931773_2a3ca3045b0c9825.jpg"",""\/akaydin-tarim\/uploads\/about\/1761931773_c48b4d7fa60d86bc.jpg"",""\/akaydin-tarim\/uploads\/about\/1761931773_56f002634a2c870a.jpg"",""\/akaydin-tarim\/uploads\/about\/1761931774_e84a046df47b2699.jpg""]"
